<?xml version="1.0" encoding="UTF-8"?>
<project-private xmlns="http://www.netbeans.org/ns/project-private/1">
    <editor-bookmarks xmlns="http://www.netbeans.org/ns/editor-bookmarks/2" lastBookmarkId="0"/>
    <open-files xmlns="http://www.netbeans.org/ns/projectui-open-files/2">
        <group>
            <file>file:/C:/Users/ASUS/OneDrive/Dokumen/NetBeansProjects/M_Andre_Naufal_2110010052/src/Merek.java</file>
            <file>file:/C:/Users/ASUS/OneDrive/Dokumen/NetBeansProjects/M_Andre_Naufal_2110010052/src/DetailPembelian.java</file>
            <file>file:/C:/Users/ASUS/OneDrive/Dokumen/NetBeansProjects/M_Andre_Naufal_2110010052/src/m_andre_naufal_2110010052/M_Andre_Naufal_2110010052.java</file>
            <file>file:/C:/Users/ASUS/OneDrive/Dokumen/NetBeansProjects/M_Andre_Naufal_2110010052/src/Pembelian.java</file>
            <file>file:/C:/Users/ASUS/OneDrive/Dokumen/NetBeansProjects/M_Andre_Naufal_2110010052/src/Admin.java</file>
            <file>file:/C:/Users/ASUS/OneDrive/Dokumen/NetBeansProjects/M_Andre_Naufal_2110010052/src/Produk.java</file>
            <file>file:/C:/Users/ASUS/OneDrive/Dokumen/NetBeansProjects/M_Andre_Naufal_2110010052/src/Brg_Kirim.java</file>
            <file>file:/C:/Users/ASUS/OneDrive/Dokumen/NetBeansProjects/M_Andre_Naufal_2110010052/src/Komentar.java</file>
            <file>file:/C:/Users/ASUS/OneDrive/Dokumen/NetBeansProjects/M_Andre_Naufal_2110010052/src/Pelanggan.java</file>
            <file>file:/C:/Users/ASUS/OneDrive/Dokumen/NetBeansProjects/M_Andre_Naufal_2110010052/src/Kategori.java</file>
        </group>
    </open-files>
</project-private>
